customer_id,customer_name,segment
1,Customer 000001,Enterprise
2,Customer 000002,SMB
3,Customer 000003,SMB
4,Customer 000004,Distributor
5,Customer 000005,Enterprise
6,Customer 000006,Distributor
7,Customer 000007,Distributor
8,Customer 000008,Distributor
9,Customer 000009,Retail
10,Customer 000010,Enterprise
11,Customer 000011,Enterprise
12,Customer 000012,Retail
13,Customer 000013,Retail
14,Customer 000014,Enterprise
15,Customer 000015,Retail
16,Customer 000016,Distributor
17,Customer 000017,SMB
18,Customer 000018,Distributor
19,Customer 000019,Enterprise
20,Customer 000020,Retail
21,Customer 000021,SMB
22,Customer 000022,Enterprise
23,Customer 000023,Retail
24,Customer 000024,SMB
25,Customer 000025,SMB
26,Customer 000026,Retail
27,Customer 000027,SMB
28,Customer 000028,Enterprise
29,Customer 000029,Retail
30,Customer 000030,Distributor
31,Customer 000031,Enterprise
32,Customer 000032,Enterprise
33,Customer 000033,Retail
34,Customer 000034,Retail
35,Customer 000035,SMB
36,Customer 000036,Enterprise
37,Customer 000037,SMB
38,Customer 000038,Enterprise
39,Customer 000039,Enterprise
40,Customer 000040,Distributor
41,Customer 000041,Enterprise
42,Customer 000042,SMB
43,Customer 000043,SMB
44,Customer 000044,Distributor
45,Customer 000045,SMB
46,Customer 000046,Retail
47,Customer 000047,Distributor
48,Customer 000048,SMB
49,Customer 000049,SMB
50,Customer 000050,Retail
