snapshot_id,snapshot_date,warehouse_id,product_id,on_hand_quantity,allocated_quantity,reorder_point,inventory_value
1,2026-06-19,3,30,667,596,816,22992.83
2,2026-06-02,2,10,3210,528,1244,130918.35
3,2026-06-21,9,3,2690,523,1423,184785.04
4,2026-01-05,6,10,4165,2964,469,397178.92
5,2026-02-19,4,5,2799,1991,417,34513.58
6,2026-05-19,9,2,828,519,1455,30629.89
7,2026-02-09,3,6,1073,771,1802,75990.22
8,2026-01-12,7,12,1356,896,1485,99477.03
9,2026-03-14,8,8,3638,2500,1193,100849.02
10,2026-02-19,6,22,3842,3702,1268,378520.68
11,2026-03-14,7,17,3782,3151,1180,169330.65
12,2026-06-04,3,28,1327,408,612,13213.05
13,2026-04-06,9,30,3936,3580,310,285687.05
14,2026-03-14,2,25,4226,1021,428,130647.52
15,2026-04-22,2,30,4205,1207,554,347277.53
16,2026-04-17,1,13,2863,109,1128,116026.92
17,2026-04-06,4,1,3163,334,752,295514.22
18,2026-02-05,1,10,2746,598,1978,230189.9
19,2026-04-25,10,1,1136,960,1955,14230.05
20,2026-02-08,9,24,2096,883,1346,115569.86
21,2026-03-15,4,10,910,794,349,8677.94
22,2026-06-09,8,3,3439,2617,327,290545.06
23,2026-05-18,1,21,4094,2444,1155,244123.21
24,2026-04-20,1,20,1176,596,822,32755.84
25,2026-06-20,2,17,3412,767,838,38997.58
26,2026-05-10,9,1,4309,4156,899,379047.59
27,2026-04-10,6,9,356,325,1630,2329.31
28,2026-03-03,2,25,553,353,1291,41388.05
29,2026-01-12,6,18,2723,546,793,224057.54
30,2026-04-29,8,21,1434,1402,473,117720.33
31,2026-01-10,5,7,516,468,189,41360.17
32,2026-03-21,9,13,343,161,1769,19409.66
33,2026-06-15,4,10,2075,149,831,180324.06
34,2026-03-26,5,4,391,335,1737,15625.07
35,2026-04-23,7,11,3276,3044,482,170808.37
36,2026-05-13,5,26,4075,1504,269,301846.36
37,2026-06-04,3,18,646,440,701,22942.75
38,2026-06-19,5,10,655,335,1013,40773.13
39,2026-06-26,8,12,3490,682,1015,31492.85
40,2026-04-22,5,21,2888,2518,1720,274507.05
41,2026-04-04,9,26,614,415,1635,42700.02
42,2026-06-05,8,2,255,73,358,2903.73
43,2026-04-09,10,2,3000,1483,1339,58729.88
44,2026-04-06,8,25,3685,1519,257,219340.67
45,2026-04-12,6,21,4337,3006,670,124528.75
46,2026-02-17,8,17,929,26,892,85269.69
47,2026-03-08,8,7,964,268,1353,30973.13
48,2026-02-01,3,28,4023,819,251,192878.93
49,2026-06-24,6,22,3646,359,811,263993.54
50,2026-03-16,5,28,4505,4441,422,327161.5
51,2026-05-11,4,4,1426,740,511,114431.14
52,2026-05-07,1,12,1939,1618,1234,115111.36
53,2026-05-22,3,20,3828,3291,1910,50493.12
54,2026-05-03,9,14,2533,1630,1675,111189.04
55,2026-02-02,6,21,4709,604,251,224843.34
56,2026-02-02,9,21,4238,2822,1303,94450.18
57,2026-05-09,1,27,1057,886,354,57310.23
58,2026-02-11,6,30,2491,674,1552,65811.42
59,2026-01-21,5,7,4250,2326,1400,407376.97
60,2026-06-10,5,20,2248,512,1192,31192.57
61,2026-05-29,3,6,1381,1212,1449,88833.55
62,2026-05-25,1,27,4957,2765,1869,38146.5
63,2026-05-28,5,21,372,328,531,28964.33
64,2026-06-13,1,16,3412,2531,1920,220348.94
65,2026-05-04,4,26,2372,1237,1753,166215.84
66,2026-01-19,1,6,2436,1857,1000,108363.18
67,2026-03-29,10,5,3804,835,740,330343.48
68,2026-04-13,3,25,2615,1414,858,141008.94
69,2026-03-03,8,4,869,326,647,41461.4
70,2026-01-13,5,13,1154,198,1869,73233.83
71,2026-02-10,6,30,2033,1971,1283,149440.14
72,2026-05-08,9,15,1555,326,1121,137636.45
73,2026-01-24,7,17,4074,94,1036,394506.73
74,2026-04-01,1,2,1762,1194,676,91650.34
75,2026-05-18,1,28,3855,1170,320,177091.52
76,2026-04-14,6,2,2166,1498,920,21356.72
77,2026-04-03,9,10,4602,1594,250,191917.84
78,2026-05-21,5,27,3689,3130,1376,256894.11
79,2026-01-25,7,12,973,131,1727,96078.72
80,2026-02-06,4,20,4569,2995,1142,197069.07
81,2026-01-10,3,23,329,23,782,26772.95
82,2026-02-08,10,29,4254,3743,1155,77759.69
83,2026-04-11,10,24,2609,665,1825,87211.73
84,2026-05-11,9,16,2755,2077,1551,161106.35
85,2026-01-05,6,11,3890,3341,1479,59954.38
86,2026-03-20,1,20,3412,2390,1071,103129.04
87,2026-02-28,1,19,4738,4731,1083,100439.18
88,2026-06-24,4,2,3114,605,1272,296077.54
89,2026-01-05,8,11,900,195,957,17447.37
90,2026-05-09,10,30,1670,840,1065,146822.53
91,2026-02-05,9,7,510,361,1248,18298.65
92,2026-04-07,6,6,3918,2152,1041,359091.73
93,2026-04-01,5,20,2804,2237,1091,65235.33
94,2026-05-23,5,8,2019,571,709,158010.08
95,2026-06-30,8,11,1698,1413,1082,64755.44
96,2026-02-01,10,22,2240,1178,1212,91998.92
97,2026-02-07,5,2,3232,1413,689,309479.52
98,2026-04-24,5,24,647,354,1081,16387.7
99,2026-05-24,5,5,4412,2221,323,280114.87
100,2026-03-04,1,22,4807,1960,1953,266543.06
101,2026-01-26,7,11,1907,107,1569,95118.05
102,2026-05-21,3,14,1126,10,1437,105650.38
103,2026-06-16,4,25,3896,1955,688,138350.59
104,2026-01-23,10,8,484,464,1195,36384.81
105,2026-04-17,3,30,305,89,1983,2577.95
106,2026-05-07,3,30,3252,3227,1633,313500.87
107,2026-01-03,5,19,2371,153,1334,36023.94
108,2026-04-27,9,17,2744,1165,1111,245532.29
109,2026-04-30,5,7,1099,1032,1756,17255.89
110,2026-06-15,5,23,1331,939,481,8435.88
111,2026-05-26,4,6,2761,1208,1351,238367.95
112,2026-05-12,6,3,3321,1751,920,227751.88
113,2026-05-03,6,30,1513,287,608,8546.73
114,2026-04-25,5,11,3142,964,718,189568.71
115,2026-03-08,6,23,4693,93,583,51162.2
116,2026-03-20,3,13,968,476,1505,51051.78
117,2026-06-13,5,12,2547,480,1358,66172.79
118,2026-02-09,8,24,1094,979,1340,44300.83
119,2026-05-18,4,25,4499,3857,606,313276.54
120,2026-05-15,8,17,4880,670,1541,192123.47
121,2026-01-16,9,29,4621,919,1135,111850.82
122,2026-02-12,6,28,4396,1227,1165,206501.45
123,2026-05-30,8,3,1682,1468,1940,89962.88
124,2026-02-03,9,14,455,232,1035,26650.06
125,2026-06-22,5,24,4577,3787,144,195049.44
126,2026-02-25,10,3,24,23,192,1086.03
127,2026-01-18,8,2,522,61,687,22885.71
128,2026-04-06,7,15,1109,860,1880,102167.66
129,2026-01-21,9,5,3092,1538,1438,268160.58
130,2026-05-18,7,17,971,182,360,71996.27
131,2026-01-01,1,10,1824,1709,1048,125824.06
132,2026-05-17,7,27,4460,3474,570,127170.85
133,2026-03-12,4,30,2835,635,1892,209442.07
134,2026-06-19,7,20,924,32,1668,86802.97
135,2026-02-22,2,4,128,61,1316,1048.29
136,2026-03-04,1,13,4897,398,998,133503.15
137,2026-01-15,3,17,1779,1544,692,48469.47
138,2026-05-28,10,25,4719,2612,1477,390479.96
139,2026-02-06,9,8,1940,618,946,65082.33
140,2026-06-01,3,21,499,285,1490,22746.44
141,2026-03-30,7,26,4060,192,1174,143235.88
142,2026-02-08,5,13,3410,1672,476,261443.09
143,2026-02-27,5,28,3879,987,1549,72589.34
144,2026-01-15,9,14,3793,3746,953,219774.92
145,2026-03-04,5,7,1098,795,776,72947.89
146,2026-04-05,2,18,3684,3469,1583,308695.61
147,2026-04-07,10,20,422,137,180,37133.44
148,2026-06-21,9,7,1541,1203,1081,38285.32
149,2026-01-04,4,30,2727,1241,489,262875.62
150,2026-05-03,4,23,961,764,1337,69055.55
