event_id,plant_id,machine_id,event_timestamp,event_type,duration_minutes,severity
1,6,M-00016,2026-06-29 21:18:00,Vibration,178,Medium
2,8,M-00010,2026-02-11 16:17:00,Vibration,23,Low
3,2,M-00041,2026-03-08 21:54:00,Temperature,36,Critical
4,3,M-00083,2026-05-04 06:27:00,Maintenance,18,Low
5,10,M-00084,2026-01-30 21:02:00,Vibration,90,Medium
6,3,M-00053,2026-04-23 03:40:00,Vibration,221,Medium
7,2,M-00013,2026-01-26 11:43:00,Breakdown,151,Critical
8,6,M-00055,2026-02-27 06:05:00,Maintenance,64,High
9,2,M-00032,2026-04-11 17:49:00,Power,154,High
10,1,M-00085,2026-06-09 10:32:00,Temperature,53,Medium
11,7,M-00038,2026-04-28 15:09:00,Breakdown,201,Medium
12,8,M-00050,2026-01-21 12:35:00,Maintenance,128,Low
13,9,M-00002,2026-06-29 15:45:00,Temperature,240,High
14,3,M-00050,2026-06-06 16:57:00,Power,108,High
15,9,M-00088,2026-02-01 10:50:00,Vibration,198,Low
16,1,M-00076,2026-01-13 07:03:00,Breakdown,68,Medium
17,1,M-00008,2026-06-22 16:50:00,Vibration,130,High
18,9,M-00099,2026-03-17 15:03:00,Vibration,180,Critical
19,2,M-00082,2026-04-08 16:17:00,Power,158,Medium
20,5,M-00011,2026-02-26 10:00:00,Breakdown,131,Medium
21,3,M-00069,2026-03-01 11:35:00,Vibration,151,Low
22,5,M-00090,2026-03-21 15:24:00,Maintenance,15,Medium
23,2,M-00056,2026-01-22 02:45:00,Vibration,157,Low
24,5,M-00086,2026-05-16 00:30:00,Maintenance,31,Low
25,3,M-00090,2026-01-03 01:35:00,Maintenance,128,High
26,9,M-00067,2026-05-23 12:55:00,Temperature,43,High
27,3,M-00096,2026-05-23 04:46:00,Temperature,188,Low
28,1,M-00043,2026-05-27 22:18:00,Vibration,70,Low
29,5,M-00092,2026-06-27 12:03:00,Power,161,Low
30,8,M-00059,2026-04-03 23:38:00,Temperature,15,Critical
31,10,M-00022,2026-03-08 22:27:00,Maintenance,66,Low
32,10,M-00087,2026-05-12 13:52:00,Breakdown,59,Low
33,1,M-00002,2026-02-14 12:27:00,Breakdown,121,High
34,7,M-00020,2026-02-02 13:53:00,Breakdown,142,Critical
35,4,M-00042,2026-02-15 04:40:00,Vibration,235,High
36,5,M-00010,2026-04-15 01:04:00,Temperature,31,Low
37,3,M-00029,2026-05-27 10:12:00,Power,12,Critical
38,2,M-00060,2026-06-07 15:45:00,Temperature,199,High
39,6,M-00012,2026-04-11 16:29:00,Vibration,3,High
40,4,M-00038,2026-04-13 15:18:00,Temperature,190,Medium
41,8,M-00048,2026-04-18 17:08:00,Vibration,198,Medium
42,9,M-00098,2026-05-25 21:39:00,Maintenance,39,Low
43,7,M-00004,2026-02-12 09:58:00,Power,89,Low
44,6,M-00001,2026-05-19 03:48:00,Vibration,218,High
45,2,M-00027,2026-04-07 10:47:00,Maintenance,108,Critical
46,1,M-00019,2026-05-10 13:15:00,Temperature,24,Low
47,4,M-00067,2026-03-17 04:40:00,Temperature,118,Low
48,10,M-00013,2026-04-03 00:14:00,Maintenance,164,Critical
49,2,M-00076,2026-04-14 08:50:00,Breakdown,112,Medium
50,4,M-00038,2026-02-17 12:17:00,Temperature,238,Critical
51,6,M-00041,2026-03-24 10:07:00,Temperature,60,Low
52,4,M-00018,2026-05-22 23:35:00,Power,28,Medium
53,2,M-00022,2026-03-23 20:11:00,Vibration,81,Critical
54,2,M-00069,2026-03-07 05:22:00,Maintenance,116,High
55,8,M-00034,2026-06-05 04:33:00,Breakdown,24,Medium
56,5,M-00091,2026-05-07 20:42:00,Power,11,Medium
57,6,M-00019,2026-01-17 14:30:00,Maintenance,92,Critical
58,9,M-00007,2026-05-04 06:39:00,Temperature,67,Medium
59,1,M-00052,2026-06-05 13:48:00,Vibration,143,Medium
60,2,M-00060,2026-01-19 13:14:00,Maintenance,32,Low
61,1,M-00100,2026-06-28 20:54:00,Maintenance,34,Medium
62,7,M-00048,2026-05-05 22:25:00,Breakdown,150,High
63,2,M-00003,2026-01-12 17:40:00,Maintenance,232,Critical
64,3,M-00012,2026-06-14 18:20:00,Temperature,32,Low
65,8,M-00007,2026-01-31 13:57:00,Power,111,Critical
66,8,M-00004,2026-03-11 16:10:00,Vibration,45,High
67,4,M-00024,2026-02-20 01:24:00,Temperature,115,Medium
68,1,M-00079,2026-04-23 17:13:00,Power,63,High
69,8,M-00053,2026-06-10 16:55:00,Power,123,Low
70,2,M-00036,2026-03-11 17:25:00,Maintenance,108,Medium
71,9,M-00032,2026-04-25 19:48:00,Power,204,Low
72,7,M-00092,2026-03-07 08:59:00,Vibration,140,Critical
73,6,M-00073,2026-04-02 10:59:00,Temperature,100,High
74,3,M-00004,2026-02-28 01:11:00,Power,57,Low
75,5,M-00008,2026-05-28 05:03:00,Vibration,136,High
76,10,M-00030,2026-06-27 07:22:00,Maintenance,26,Medium
77,4,M-00035,2026-04-08 03:43:00,Breakdown,196,Medium
78,10,M-00050,2026-03-06 14:09:00,Maintenance,46,Medium
79,10,M-00041,2026-05-27 18:23:00,Temperature,234,Low
80,6,M-00073,2026-04-13 14:26:00,Maintenance,145,Medium
81,8,M-00070,2026-02-26 06:16:00,Maintenance,126,Low
82,2,M-00008,2026-02-12 08:20:00,Power,57,Low
83,9,M-00062,2026-01-01 02:59:00,Temperature,235,Medium
84,3,M-00044,2026-05-11 12:20:00,Maintenance,236,High
85,1,M-00003,2026-01-27 21:21:00,Power,181,Medium
86,2,M-00068,2026-06-06 16:19:00,Temperature,19,High
87,7,M-00076,2026-01-19 09:24:00,Temperature,78,High
88,3,M-00021,2026-05-14 07:41:00,Vibration,203,Critical
89,6,M-00023,2026-05-09 17:43:00,Power,178,High
90,4,M-00086,2026-04-18 05:09:00,Maintenance,97,High
91,5,M-00017,2026-02-02 08:25:00,Breakdown,180,Critical
92,10,M-00005,2026-02-03 03:31:00,Power,82,Medium
93,10,M-00014,2026-06-20 12:27:00,Vibration,37,High
94,2,M-00031,2026-03-05 03:14:00,Temperature,43,Low
95,6,M-00058,2026-01-03 01:47:00,Temperature,54,Medium
96,2,M-00045,2026-02-16 17:21:00,Breakdown,185,Low
97,1,M-00050,2026-03-21 18:36:00,Vibration,43,Critical
98,8,M-00049,2026-03-05 22:33:00,Power,97,Low
99,8,M-00074,2026-04-29 12:07:00,Maintenance,42,Critical
100,2,M-00005,2026-02-23 16:28:00,Breakdown,82,High
101,2,M-00010,2026-03-04 05:22:00,Maintenance,228,Critical
102,3,M-00094,2026-01-14 15:41:00,Power,230,Low
103,6,M-00077,2026-06-29 08:44:00,Power,229,Critical
104,1,M-00056,2026-06-21 13:35:00,Maintenance,156,Critical
105,3,M-00007,2026-01-19 10:24:00,Temperature,53,Medium
106,7,M-00090,2026-04-11 20:57:00,Power,68,High
107,5,M-00031,2026-01-18 11:03:00,Breakdown,101,Critical
108,3,M-00007,2026-03-07 16:29:00,Breakdown,110,Low
109,5,M-00085,2026-04-24 19:03:00,Power,123,Medium
110,2,M-00004,2026-02-07 16:11:00,Maintenance,164,High
111,2,M-00061,2026-06-03 14:29:00,Breakdown,79,Critical
112,8,M-00063,2026-06-12 21:46:00,Temperature,24,Critical
113,3,M-00048,2026-06-11 04:46:00,Vibration,95,Medium
114,8,M-00006,2026-02-17 22:21:00,Vibration,120,High
115,4,M-00035,2026-04-13 17:13:00,Breakdown,39,Low
116,2,M-00086,2026-03-04 14:02:00,Power,106,Medium
117,9,M-00008,2026-06-03 01:29:00,Vibration,210,Critical
118,9,M-00088,2026-06-07 19:31:00,Vibration,147,Medium
119,8,M-00039,2026-01-15 08:57:00,Vibration,232,Low
120,9,M-00074,2026-06-13 22:08:00,Power,205,Medium
121,2,M-00097,2026-03-23 17:53:00,Maintenance,43,Medium
122,4,M-00017,2026-01-08 18:27:00,Vibration,21,Critical
123,4,M-00081,2026-01-27 22:05:00,Power,67,High
124,2,M-00012,2026-03-12 15:37:00,Power,102,High
125,5,M-00067,2026-03-25 09:43:00,Breakdown,202,Critical
126,2,M-00054,2026-01-28 05:47:00,Maintenance,146,Low
127,2,M-00073,2026-05-22 21:52:00,Breakdown,202,High
128,9,M-00045,2026-06-09 19:34:00,Vibration,68,Critical
129,8,M-00074,2026-04-21 20:35:00,Vibration,10,Medium
130,5,M-00052,2026-01-27 04:30:00,Power,156,Critical
131,1,M-00051,2026-06-11 22:36:00,Temperature,177,Medium
132,1,M-00096,2026-03-28 12:15:00,Temperature,230,High
133,1,M-00044,2026-05-29 19:12:00,Temperature,80,High
134,8,M-00090,2026-05-05 16:09:00,Breakdown,223,Medium
135,3,M-00039,2026-06-27 08:25:00,Vibration,199,High
136,5,M-00094,2026-03-17 20:54:00,Power,166,Low
137,4,M-00057,2026-02-08 11:34:00,Vibration,190,Critical
138,9,M-00048,2026-05-30 11:04:00,Breakdown,132,Medium
139,2,M-00040,2026-05-10 04:09:00,Power,104,Medium
140,9,M-00073,2026-01-06 06:28:00,Maintenance,50,Medium
141,1,M-00032,2026-01-07 00:29:00,Vibration,13,High
142,4,M-00036,2026-03-09 01:21:00,Vibration,130,Critical
143,2,M-00088,2026-01-06 13:31:00,Maintenance,96,Critical
144,10,M-00058,2026-02-02 07:52:00,Vibration,151,High
145,6,M-00021,2026-06-02 11:45:00,Temperature,192,Low
146,5,M-00004,2026-03-12 08:55:00,Breakdown,42,Medium
147,4,M-00083,2026-02-10 23:31:00,Maintenance,69,Critical
148,9,M-00003,2026-06-07 09:37:00,Breakdown,122,Medium
149,3,M-00077,2026-05-26 19:01:00,Breakdown,58,High
150,10,M-00040,2026-05-10 18:00:00,Temperature,109,Critical
