production_order_id,plant_id,product_id,planned_start,actual_start,planned_end,actual_end,planned_quantity,produced_quantity,status
1,10,26,2026-04-23,2026-04-23,2026-05-05,2026-05-04,159,70,In Progress
2,9,14,2026-02-10,2026-02-10,2026-02-19,2026-02-25,128,1,Completed
3,3,16,2026-01-30,2026-01-30,2026-02-11,2026-02-10,1426,1514,In Progress
4,8,16,2026-03-16,2026-03-16,2026-03-29,2026-03-31,950,862,Delayed
5,10,17,2026-05-22,2026-05-22,2026-05-29,2026-06-02,490,531,Completed
6,9,9,2026-01-18,2026-01-18,2026-01-27,2026-01-31,796,856,Completed
7,8,28,2026-03-14,2026-03-14,2026-03-23,2026-03-30,1287,1175,Delayed
8,9,25,2026-05-18,2026-05-18,2026-05-30,2026-06-02,780,769,Delayed
9,4,19,2026-04-27,2026-04-27,2026-05-07,2026-05-08,1528,1476,Completed
10,8,23,2026-04-16,2026-04-16,2026-04-21,2026-04-24,1625,1708,Delayed
11,8,2,2026-04-09,2026-04-09,2026-04-24,2026-05-02,411,293,In Progress
12,8,4,2026-06-01,2026-06-01,2026-06-11,2026-06-10,1890,1874,Delayed
13,3,3,2026-01-04,2026-01-04,2026-01-11,2026-01-15,1883,1853,Delayed
14,2,28,2026-03-28,2026-03-28,2026-04-11,2026-04-15,1430,1364,In Progress
15,8,28,2026-05-17,2026-05-17,2026-05-28,2026-05-31,1383,1371,Completed
16,5,8,2026-06-08,2026-06-08,2026-06-14,2026-06-15,1392,1433,Completed
17,2,15,2026-04-22,2026-04-22,2026-04-28,2026-05-06,1541,1433,In Progress
18,1,10,2026-03-18,2026-03-18,2026-03-23,2026-03-21,764,705,Delayed
19,7,19,2026-04-21,2026-04-21,2026-04-28,2026-04-29,1187,1211,Completed
20,7,20,2026-02-13,2026-02-13,2026-02-20,2026-02-19,1348,1372,Completed
21,8,21,2026-05-08,2026-05-08,2026-05-22,2026-05-22,575,490,Delayed
22,8,29,2026-03-07,2026-03-07,2026-03-22,2026-03-20,1940,1863,In Progress
23,6,19,2026-05-20,2026-05-20,2026-05-27,2026-05-26,1004,930,In Progress
24,5,7,2026-04-19,2026-04-19,2026-04-28,2026-05-03,1831,1779,Delayed
25,6,19,2026-01-28,2026-01-28,2026-02-05,2026-02-09,1271,1196,In Progress
26,5,1,2026-03-17,2026-03-17,2026-03-22,2026-03-30,910,904,In Progress
27,5,25,2026-01-13,2026-01-13,2026-01-27,2026-02-01,1805,1859,Completed
28,4,20,2026-06-05,2026-06-05,2026-06-15,2026-06-16,1403,1317,In Progress
29,2,29,2026-06-18,2026-06-18,2026-07-03,2026-07-03,1386,1396,In Progress
30,10,12,2026-01-11,2026-01-11,2026-01-20,2026-01-25,168,205,Completed
31,7,6,2026-01-24,2026-01-24,2026-02-02,2026-02-05,1630,1531,Completed
32,5,27,2026-05-19,2026-05-19,2026-05-29,2026-06-04,1127,1019,Delayed
33,2,15,2026-05-04,2026-05-04,2026-05-13,2026-05-16,1747,1843,Completed
34,7,28,2026-02-06,2026-02-06,2026-02-14,2026-02-22,1583,1638,In Progress
35,5,18,2026-04-04,2026-04-04,2026-04-10,2026-04-14,128,9,Delayed
36,10,13,2026-04-05,2026-04-05,2026-04-20,2026-04-28,636,696,In Progress
37,8,1,2026-04-06,2026-04-06,2026-04-12,2026-04-20,578,586,In Progress
38,2,21,2026-03-25,2026-03-25,2026-04-08,2026-04-09,1426,1486,Delayed
39,2,5,2026-06-29,2026-06-29,2026-07-08,2026-07-16,936,797,Completed
40,4,29,2026-03-19,2026-03-19,2026-03-31,2026-03-30,299,286,Completed
41,9,14,2026-04-10,2026-04-10,2026-04-22,2026-04-25,1473,1473,In Progress
42,8,20,2026-02-09,2026-02-09,2026-02-20,2026-02-28,302,256,Delayed
43,8,8,2026-01-09,2026-01-09,2026-01-19,2026-01-20,1008,1076,Delayed
44,6,2,2026-01-26,2026-01-26,2026-02-10,2026-02-13,1215,1166,Delayed
45,4,21,2026-02-18,2026-02-18,2026-02-24,2026-03-01,287,300,In Progress
46,3,26,2026-01-06,2026-01-06,2026-01-11,2026-01-14,598,592,Completed
47,4,27,2026-01-18,2026-01-18,2026-01-31,2026-02-01,1300,1372,Completed
48,5,28,2026-03-26,2026-03-26,2026-04-02,2026-04-09,105,0,Completed
49,1,5,2026-05-19,2026-05-19,2026-05-28,2026-05-28,325,178,Delayed
50,3,9,2026-03-02,2026-03-02,2026-03-16,2026-03-19,132,0,Completed
51,2,16,2026-04-18,2026-04-18,2026-05-01,2026-04-30,1627,1591,Delayed
52,9,8,2026-05-12,2026-05-12,2026-05-26,2026-05-25,1025,1117,In Progress
53,8,21,2026-01-12,2026-01-12,2026-01-27,2026-02-02,717,813,Completed
54,2,16,2026-01-16,2026-01-16,2026-01-28,2026-02-01,973,1005,Delayed
55,3,3,2026-01-19,2026-01-19,2026-01-25,2026-01-28,1345,1227,Delayed
56,6,13,2026-06-09,2026-06-09,2026-06-24,2026-07-01,1223,1225,In Progress
57,7,4,2026-03-17,2026-03-17,2026-03-29,2026-04-04,1339,1392,In Progress
58,9,24,2026-01-30,2026-01-30,2026-02-14,2026-02-22,1897,1968,Completed
59,6,27,2026-04-21,2026-04-21,2026-05-03,2026-05-04,947,913,Delayed
60,6,22,2026-04-17,2026-04-17,2026-04-23,2026-04-26,974,889,Delayed
61,2,27,2026-02-09,2026-02-09,2026-02-24,2026-03-01,237,108,Completed
62,3,18,2026-04-21,2026-04-21,2026-04-27,2026-04-30,1762,1627,In Progress
63,2,14,2026-05-24,2026-05-24,2026-06-06,2026-06-09,1472,1412,In Progress
64,5,12,2026-04-19,2026-04-19,2026-04-24,2026-04-26,1329,1205,In Progress
65,8,8,2026-05-10,2026-05-10,2026-05-18,2026-05-18,1444,1510,Completed
66,5,19,2026-03-31,2026-03-31,2026-04-13,2026-04-16,335,242,Delayed
67,9,1,2026-05-24,2026-05-24,2026-06-07,2026-06-14,1482,1487,In Progress
68,5,23,2026-06-27,2026-06-27,2026-07-06,2026-07-04,469,514,Delayed
69,3,19,2026-03-28,2026-03-28,2026-04-07,2026-04-05,471,489,Delayed
70,2,24,2026-01-18,2026-01-18,2026-01-25,2026-02-02,162,147,Completed
71,3,12,2026-04-07,2026-04-07,2026-04-18,2026-04-23,798,727,In Progress
72,1,5,2026-03-25,2026-03-25,2026-04-08,2026-04-15,273,163,In Progress
73,8,22,2026-01-13,2026-01-13,2026-01-28,2026-01-27,657,615,Delayed
74,4,25,2026-06-05,2026-06-05,2026-06-17,2026-06-21,659,640,Completed
75,10,16,2026-03-30,2026-03-30,2026-04-10,2026-04-09,680,664,In Progress
76,10,2,2026-03-20,2026-03-20,2026-03-25,2026-03-26,909,760,Completed
77,5,10,2026-03-19,2026-03-19,2026-03-27,2026-03-27,1665,1598,Completed
78,3,13,2026-01-02,2026-01-02,2026-01-14,2026-01-18,459,445,In Progress
79,6,3,2026-02-28,2026-02-28,2026-03-13,2026-03-19,1806,1757,In Progress
80,2,28,2026-01-11,2026-01-11,2026-01-22,2026-01-20,1041,971,In Progress
81,7,10,2026-04-20,2026-04-20,2026-05-04,2026-05-08,1553,1432,Delayed
82,10,15,2026-01-06,2026-01-06,2026-01-16,2026-01-16,1741,1803,In Progress
83,2,8,2026-04-03,2026-04-03,2026-04-09,2026-04-13,1829,1790,In Progress
84,5,24,2026-04-13,2026-04-13,2026-04-26,2026-04-25,910,846,Completed
85,2,17,2026-03-27,2026-03-27,2026-04-03,2026-04-02,1145,1125,Completed
86,3,8,2026-03-31,2026-03-31,2026-04-10,2026-04-18,1769,1645,Completed
87,3,25,2026-03-07,2026-03-07,2026-03-15,2026-03-15,1333,1377,In Progress
88,8,25,2026-01-20,2026-01-20,2026-01-27,2026-02-04,1111,1105,In Progress
89,10,11,2026-04-25,2026-04-25,2026-05-10,2026-05-17,1416,1487,In Progress
90,8,15,2026-03-22,2026-03-22,2026-03-29,2026-04-03,239,250,Delayed
91,9,3,2026-03-12,2026-03-12,2026-03-26,2026-03-24,820,749,Delayed
92,5,3,2026-04-26,2026-04-26,2026-05-01,2026-04-29,855,870,Completed
93,8,19,2026-06-07,2026-06-07,2026-06-21,2026-06-27,887,878,In Progress
94,4,11,2026-01-11,2026-01-11,2026-01-23,2026-01-30,1434,1438,Delayed
95,2,26,2026-05-09,2026-05-09,2026-05-16,2026-05-14,1022,1102,Delayed
96,1,8,2026-01-22,2026-01-22,2026-02-04,2026-02-12,453,484,Delayed
97,3,12,2026-04-23,2026-04-23,2026-05-06,2026-05-12,1348,1293,Delayed
98,10,2,2026-04-10,2026-04-10,2026-04-21,2026-04-24,1490,1542,In Progress
99,2,18,2026-06-15,2026-06-15,2026-06-25,2026-06-24,775,798,Delayed
100,10,28,2026-03-14,2026-03-14,2026-03-23,2026-03-31,1956,1844,Delayed
