po_id,supplier_id,plant_id,product_id,order_date,promised_date,received_date,quantity,unit_cost,status
1,12,8,29,2026-04-13,2026-05-09,2026-05-17,1159,231.23,Received
2,1,10,18,2026-02-27,2026-03-06,2026-03-09,571,298.34,Received
3,2,4,3,2026-01-19,2026-02-15,2026-02-23,1954,25.39,Late
4,9,8,7,2026-01-19,2026-02-09,2026-02-10,1204,74.83,Open
5,16,7,7,2026-05-28,2026-06-17,2026-06-18,293,57.5,Late
6,15,1,22,2026-04-01,2026-04-19,2026-04-23,1438,492.24,Received
7,11,2,8,2026-01-16,2026-02-02,2026-02-11,492,103.2,Late
8,9,8,8,2026-02-05,2026-02-23,2026-02-23,1890,462.4,Late
9,18,1,3,2026-05-21,2026-05-29,2026-05-27,1997,379.25,Received
10,16,4,28,2026-02-12,2026-03-02,2026-03-07,921,452.2,Received
11,9,8,10,2026-04-08,2026-04-13,2026-04-17,966,351.33,Open
12,16,3,7,2026-05-23,2026-06-18,2026-06-27,707,116.67,Received
13,2,6,2,2026-05-29,2026-06-26,2026-07-02,202,296.25,Open
14,17,2,28,2026-05-16,2026-05-26,2026-05-24,480,43.58,Received
15,4,10,8,2026-06-22,2026-07-04,2026-07-08,1285,301.31,Open
16,19,10,17,2026-01-21,2026-02-08,2026-02-16,747,468.01,Received
17,8,5,13,2026-06-21,2026-07-18,2026-07-21,368,339.13,Late
18,3,1,15,2026-04-28,2026-05-13,2026-05-23,1372,499.24,Received
19,17,5,5,2026-01-19,2026-02-10,2026-02-11,814,441.62,Received
20,15,9,23,2026-04-05,2026-04-19,2026-04-19,719,309.72,Open
21,18,5,30,2026-05-16,2026-05-21,2026-05-29,1458,60.76,Received
22,18,3,9,2026-03-09,2026-03-17,2026-03-16,677,306.37,Open
23,9,9,16,2026-03-29,2026-04-09,2026-04-17,614,453.61,Received
24,9,1,1,2026-01-24,2026-02-18,2026-02-22,783,387.85,Open
25,15,9,23,2026-03-09,2026-03-19,2026-03-28,975,284.84,Received
26,18,1,27,2026-01-20,2026-02-16,2026-02-16,856,295.43,Received
27,10,6,29,2026-04-21,2026-04-30,2026-04-28,1730,486.38,Received
28,8,2,12,2026-04-02,2026-04-13,2026-04-21,1697,284.34,Late
29,8,3,26,2026-06-08,2026-07-06,2026-07-06,1760,96.76,Late
30,11,7,26,2026-01-07,2026-01-17,2026-01-26,1471,433.39,Received
31,4,7,28,2026-03-10,2026-03-20,2026-03-30,179,430.71,Received
32,10,4,8,2026-02-21,2026-03-12,2026-03-15,148,333.42,Late
33,9,6,21,2026-03-26,2026-04-08,2026-04-07,1143,205.84,Open
34,9,3,19,2026-03-26,2026-03-31,2026-03-30,643,28.75,Open
35,11,7,20,2026-04-22,2026-05-08,2026-05-17,1147,66.67,Open
36,14,1,17,2026-02-18,2026-03-03,2026-03-01,1995,405.19,Open
37,14,2,22,2026-06-21,2026-07-02,2026-07-05,1985,171.8,Late
38,10,9,10,2026-06-19,2026-06-27,2026-07-06,1465,210.11,Late
39,5,4,14,2026-06-28,2026-07-12,2026-07-18,1461,470.78,Open
40,10,7,18,2026-02-14,2026-03-10,2026-03-17,1807,10.2,Late
41,19,10,21,2026-02-23,2026-03-13,2026-03-23,759,237.84,Late
42,16,3,22,2026-06-22,2026-07-03,2026-07-09,273,149.06,Open
43,3,4,22,2026-06-12,2026-07-06,2026-07-09,735,120.07,Received
44,8,8,20,2026-02-07,2026-02-12,2026-02-10,1840,386.56,Late
45,7,7,16,2026-04-17,2026-05-12,2026-05-19,918,129.55,Open
46,4,7,8,2026-06-26,2026-07-01,2026-07-11,460,404.01,Open
47,18,4,30,2026-05-13,2026-06-01,2026-05-30,1837,69.47,Received
48,18,10,11,2026-04-29,2026-05-25,2026-05-31,1646,446.8,Open
49,15,3,24,2026-05-10,2026-05-28,2026-06-03,1864,242.59,Late
50,17,8,21,2026-03-05,2026-03-30,2026-04-01,589,144.55,Received
51,11,6,29,2026-03-15,2026-03-27,2026-03-29,1206,49.48,Received
52,5,4,3,2026-03-01,2026-03-18,2026-03-27,949,209.72,Open
53,7,7,13,2026-04-30,2026-05-18,2026-05-16,1953,387.2,Open
54,13,8,1,2026-01-06,2026-02-04,2026-02-11,820,156.32,Late
55,18,10,29,2026-04-18,2026-05-10,2026-05-19,551,249.23,Late
56,13,6,22,2026-04-22,2026-05-12,2026-05-10,1490,401.09,Open
57,20,9,1,2026-02-12,2026-03-03,2026-03-03,1957,203.07,Open
58,14,3,28,2026-06-19,2026-06-24,2026-06-23,1045,99.05,Late
59,15,6,11,2026-04-08,2026-04-23,2026-04-24,1658,441.02,Late
60,16,1,24,2026-04-18,2026-05-01,2026-04-30,1204,35.52,Late
61,2,1,8,2026-02-27,2026-03-24,2026-03-23,508,421.22,Open
62,16,2,19,2026-02-09,2026-02-21,2026-02-21,546,237.87,Late
63,20,2,25,2026-04-05,2026-04-15,2026-04-22,1777,90.25,Late
64,10,10,22,2026-01-28,2026-02-20,2026-02-18,1959,479.5,Late
65,8,2,23,2026-02-20,2026-02-27,2026-03-06,1682,157.78,Open
66,19,1,12,2026-06-03,2026-07-03,2026-07-02,1191,219.91,Late
67,11,1,28,2026-01-18,2026-02-08,2026-02-16,960,412.94,Received
68,15,3,14,2026-04-21,2026-05-07,2026-05-15,460,369.56,Open
69,18,8,15,2026-03-11,2026-04-04,2026-04-14,992,414.61,Open
70,3,5,29,2026-03-10,2026-03-25,2026-03-26,1023,129.49,Late
71,13,6,1,2026-05-26,2026-06-19,2026-06-27,1112,426.97,Received
72,9,6,9,2026-05-05,2026-05-16,2026-05-19,1902,302.12,Late
73,7,2,8,2026-05-23,2026-05-28,2026-06-03,1574,209.15,Open
74,16,8,26,2026-03-03,2026-03-30,2026-04-04,135,55.6,Received
75,10,10,12,2026-04-14,2026-05-11,2026-05-12,1069,281.2,Late
76,11,6,23,2026-04-19,2026-05-17,2026-05-23,1029,142.75,Late
77,7,6,4,2026-03-01,2026-03-09,2026-03-18,1621,272.57,Open
78,16,5,24,2026-02-17,2026-02-28,2026-03-01,1307,488.54,Open
79,7,5,8,2026-06-02,2026-06-16,2026-06-15,839,97.93,Received
80,2,1,18,2026-05-17,2026-05-26,2026-05-28,698,351.73,Received
81,4,1,19,2026-06-13,2026-07-12,2026-07-17,682,240.0,Late
82,9,8,4,2026-03-29,2026-04-08,2026-04-06,1783,42.02,Late
83,2,3,5,2026-01-19,2026-02-11,2026-02-19,1761,285.79,Late
84,18,7,20,2026-01-22,2026-02-03,2026-02-02,1320,397.46,Received
85,15,5,28,2026-05-14,2026-05-31,2026-06-05,1305,495.12,Late
86,20,2,25,2026-05-26,2026-06-19,2026-06-17,525,316.5,Late
87,8,3,18,2026-06-19,2026-06-26,2026-06-26,253,86.7,Late
88,16,5,2,2026-04-26,2026-05-23,2026-05-30,574,151.17,Late
89,8,5,26,2026-06-29,2026-07-18,2026-07-17,1720,316.28,Open
90,18,4,21,2026-02-20,2026-03-10,2026-03-09,405,455.12,Received
91,10,10,24,2026-01-19,2026-01-25,2026-01-25,1788,288.91,Late
92,10,7,9,2026-04-23,2026-05-01,2026-05-06,1124,274.59,Late
93,14,6,20,2026-01-21,2026-02-14,2026-02-12,612,22.67,Received
94,1,5,19,2026-06-22,2026-07-15,2026-07-22,182,383.92,Received
95,15,5,6,2026-05-01,2026-05-22,2026-05-30,1298,223.58,Late
96,14,6,11,2026-01-24,2026-02-13,2026-02-16,1472,61.25,Received
97,16,5,22,2026-03-26,2026-04-13,2026-04-22,920,408.65,Open
98,11,5,11,2026-01-10,2026-01-29,2026-01-28,337,485.39,Late
99,18,8,14,2026-05-12,2026-05-17,2026-05-25,211,101.92,Late
100,15,1,7,2026-06-09,2026-07-08,2026-07-13,646,279.12,Late
