inspection_id,production_order_id,plant_id,product_id,inspection_date,inspected_quantity,failed_quantity,defect_type,result
1,59,5,7,2026-04-30,1844,44,Material,Rework
2,1,9,22,2026-04-06,1297,13,Material,Rework
3,62,2,11,2026-03-12,1501,13,Material,Rework
4,25,3,17,2026-03-03,634,38,Dimensional,Rework
5,88,3,24,2026-01-07,1452,40,Assembly,Rework
6,52,7,24,2026-01-10,631,53,Surface,Rework
7,88,9,21,2026-05-02,1587,28,Material,Rework
8,85,9,6,2026-03-17,1831,21,Dimensional,Rework
9,93,9,25,2026-02-16,362,33,Material,Fail
10,29,5,14,2026-03-26,555,45,Material,Rework
11,60,2,16,2026-01-14,1299,37,Dimensional,Rework
12,65,2,28,2026-06-24,1921,24,Assembly,Rework
13,20,3,7,2026-03-29,946,6,Assembly,Rework
14,92,3,25,2026-01-21,393,40,Assembly,Rework
15,41,1,1,2026-04-26,1392,22,Material,Fail
16,74,3,16,2026-01-23,1658,21,Surface,Rework
17,52,7,16,2026-04-09,1397,54,Dimensional,Fail
18,94,6,1,2026-03-24,1193,25,Surface,Fail
19,81,4,8,2026-06-27,1485,0,None,Pass
20,40,3,4,2026-04-09,1896,44,Material,Fail
21,39,5,15,2026-05-14,233,5,Material,Rework
22,44,8,12,2026-02-18,1918,17,Surface,Rework
23,29,3,7,2026-01-06,139,29,Surface,Fail
24,49,5,25,2026-05-17,850,4,Dimensional,Fail
25,84,1,2,2026-06-26,1455,13,Dimensional,Rework
26,16,9,9,2026-05-02,1009,48,Surface,Fail
27,2,5,14,2026-06-19,1523,80,Dimensional,Rework
28,90,3,14,2026-01-27,1375,77,Dimensional,Rework
29,64,4,20,2026-02-21,333,13,Material,Fail
30,38,3,2,2026-05-21,833,52,Assembly,Fail
31,43,4,1,2026-01-04,1509,61,Dimensional,Fail
32,86,8,5,2026-01-24,1810,73,Dimensional,Fail
33,83,4,15,2026-03-17,1952,32,Material,Rework
34,23,1,28,2026-03-16,202,12,Material,Rework
35,13,1,1,2026-02-05,972,14,Surface,Rework
36,80,5,29,2026-01-24,832,56,Material,Rework
37,52,7,15,2026-03-11,474,14,Assembly,Rework
38,84,3,4,2026-02-03,1738,53,Dimensional,Fail
39,76,8,26,2026-05-26,312,53,Assembly,Fail
40,100,6,20,2026-01-08,1351,48,Surface,Rework
41,15,7,15,2026-01-12,1984,62,Dimensional,Rework
42,2,9,25,2026-05-28,1441,40,Surface,Rework
43,89,10,4,2026-04-21,1163,66,Surface,Rework
44,20,9,29,2026-06-06,808,49,Dimensional,Fail
45,65,8,28,2026-05-07,1417,20,Surface,Fail
46,42,4,11,2026-03-13,1638,62,Dimensional,Fail
47,52,4,3,2026-04-28,1227,48,Assembly,Rework
48,58,6,4,2026-05-08,280,63,Dimensional,Fail
49,5,9,18,2026-01-01,926,52,Dimensional,Rework
50,72,4,21,2026-06-21,1922,65,Assembly,Rework
51,29,8,11,2026-05-24,844,6,Assembly,Rework
52,15,2,25,2026-06-18,1566,57,Surface,Fail
53,82,5,18,2026-05-14,799,45,Material,Fail
54,64,3,27,2026-04-15,193,21,Dimensional,Rework
55,25,2,30,2026-04-11,1351,25,Surface,Rework
56,92,6,4,2026-04-17,1788,24,Dimensional,Fail
57,59,10,17,2026-02-04,1681,57,Assembly,Fail
58,71,7,27,2026-05-30,1186,6,Assembly,Fail
59,23,3,4,2026-04-10,1516,74,Material,Rework
60,89,4,9,2026-04-12,957,77,Material,Rework
61,18,7,20,2026-06-29,1027,17,Material,Rework
62,81,4,7,2026-02-23,1557,70,Material,Rework
63,91,3,17,2026-05-19,1986,16,Material,Fail
64,72,8,19,2026-05-27,1658,45,Assembly,Rework
65,2,9,4,2026-01-07,1897,54,Assembly,Fail
66,26,5,25,2026-02-11,208,7,Material,Rework
67,89,5,7,2026-05-19,399,7,Dimensional,Rework
68,14,10,28,2026-06-22,1767,57,Surface,Rework
69,90,5,23,2026-06-20,586,65,Dimensional,Rework
70,88,6,18,2026-01-14,893,53,Dimensional,Rework
71,100,8,27,2026-02-27,515,79,Material,Fail
72,38,8,6,2026-06-24,1689,24,Dimensional,Fail
73,16,7,2,2026-04-20,455,65,Material,Rework
74,75,5,1,2026-03-26,366,20,Assembly,Fail
75,42,10,2,2026-06-10,181,19,Material,Rework
76,71,6,3,2026-03-23,1717,73,Surface,Fail
77,65,3,14,2026-05-20,1166,8,Assembly,Fail
78,28,6,11,2026-04-03,815,28,Material,Fail
79,68,8,18,2026-06-16,1641,79,Dimensional,Fail
80,58,4,29,2026-06-14,1469,44,Surface,Fail
81,49,2,13,2026-03-07,1497,41,Material,Fail
82,99,6,17,2026-05-11,1966,66,Assembly,Rework
83,84,4,11,2026-05-12,189,37,Dimensional,Fail
84,69,1,21,2026-01-17,442,68,Surface,Fail
85,14,4,18,2026-06-29,1871,54,Assembly,Fail
86,4,8,23,2026-03-26,1629,19,Dimensional,Fail
87,23,5,18,2026-01-19,250,6,Surface,Rework
88,58,7,14,2026-03-22,934,49,Dimensional,Rework
89,69,1,21,2026-06-08,1478,15,Dimensional,Fail
90,46,9,4,2026-03-16,1535,9,Material,Fail
91,49,7,27,2026-06-19,676,56,Dimensional,Rework
92,29,3,24,2026-04-11,420,68,Material,Fail
93,2,9,28,2026-05-23,710,47,Surface,Fail
94,74,10,13,2026-05-18,185,0,None,Pass
95,40,4,24,2026-03-30,1221,10,Surface,Rework
96,19,3,6,2026-02-26,1954,65,Material,Fail
97,86,10,28,2026-01-14,334,23,Assembly,Fail
98,33,2,7,2026-05-29,695,8,Assembly,Rework
99,86,4,4,2026-03-14,831,16,Dimensional,Fail
100,58,6,20,2026-06-18,750,62,Material,Fail
