shipment_id,warehouse_id,customer_id,ship_date,promised_delivery_date,actual_delivery_date,quantity,status
1,6,50,2026-04-12,2026-04-17,2026-04-24,154,Delayed
2,5,17,2026-04-30,2026-05-10,2026-05-14,194,In Transit
3,8,49,2026-05-08,2026-05-17,2026-05-17,439,Delayed
4,7,3,2026-02-22,2026-03-01,2026-03-05,298,Delivered
5,9,38,2026-02-07,2026-02-09,2026-02-12,306,In Transit
6,4,22,2026-04-17,2026-04-23,2026-04-24,127,Delayed
7,9,42,2026-05-26,2026-05-31,2026-06-06,493,In Transit
8,8,30,2026-03-28,2026-04-03,2026-04-09,96,In Transit
9,9,32,2026-04-01,2026-04-05,2026-04-06,104,In Transit
10,1,5,2026-06-14,2026-06-16,2026-06-23,493,In Transit
11,3,41,2026-01-13,2026-01-15,2026-01-20,128,Delivered
12,9,30,2026-02-08,2026-02-10,2026-02-12,201,Delivered
13,1,1,2026-06-08,2026-06-17,2026-06-23,282,In Transit
14,9,47,2026-04-16,2026-04-18,2026-04-17,150,In Transit
15,7,12,2026-03-15,2026-03-17,2026-03-24,64,Delivered
16,4,40,2026-05-15,2026-05-19,2026-05-21,279,Delayed
17,2,24,2026-04-01,2026-04-07,2026-04-12,217,Delayed
18,5,44,2026-05-25,2026-05-30,2026-06-01,433,Delivered
19,7,25,2026-06-17,2026-06-19,2026-06-19,203,In Transit
20,3,6,2026-05-02,2026-05-04,2026-05-03,265,Delayed
21,9,3,2026-06-15,2026-06-22,2026-06-22,127,Delivered
22,1,5,2026-06-27,2026-07-06,2026-07-09,360,Delayed
23,6,2,2026-05-20,2026-05-22,2026-05-23,116,In Transit
24,5,11,2026-02-06,2026-02-14,2026-02-14,298,Delivered
25,6,25,2026-05-26,2026-06-03,2026-06-10,396,In Transit
26,6,4,2026-02-05,2026-02-08,2026-02-15,60,Delayed
27,10,50,2026-03-01,2026-03-04,2026-03-08,324,In Transit
28,5,29,2026-04-12,2026-04-19,2026-04-18,261,Delivered
29,7,12,2026-04-02,2026-04-12,2026-04-17,358,In Transit
30,10,19,2026-06-19,2026-06-27,2026-06-27,418,Delivered
31,3,25,2026-01-19,2026-01-22,2026-01-25,374,In Transit
32,6,7,2026-02-09,2026-02-17,2026-02-21,56,Delivered
33,5,7,2026-03-20,2026-03-29,2026-04-02,77,Delivered
34,9,36,2026-02-17,2026-02-25,2026-03-03,272,Delayed
35,6,36,2026-01-27,2026-01-29,2026-01-29,57,In Transit
36,1,19,2026-06-03,2026-06-10,2026-06-15,221,Delayed
37,10,34,2026-01-22,2026-02-01,2026-02-03,96,In Transit
38,5,20,2026-04-08,2026-04-12,2026-04-13,147,Delayed
39,7,18,2026-02-07,2026-02-10,2026-02-11,225,Delayed
40,5,16,2026-05-04,2026-05-07,2026-05-11,379,In Transit
41,2,9,2026-05-07,2026-05-12,2026-05-18,165,Delivered
42,6,29,2026-04-12,2026-04-19,2026-04-24,181,Delayed
43,6,39,2026-06-16,2026-06-20,2026-06-23,495,In Transit
44,3,26,2026-02-21,2026-03-02,2026-03-06,173,Delayed
45,6,25,2026-06-27,2026-07-06,2026-07-08,153,Delayed
46,10,35,2026-04-04,2026-04-07,2026-04-09,102,In Transit
47,4,29,2026-05-21,2026-05-23,2026-05-29,418,Delayed
48,8,9,2026-06-27,2026-06-30,2026-07-05,334,Delayed
49,7,25,2026-03-03,2026-03-09,2026-03-10,47,Delayed
50,9,33,2026-06-03,2026-06-12,2026-06-17,482,In Transit
51,6,45,2026-04-18,2026-04-28,2026-04-27,468,In Transit
52,4,43,2026-06-02,2026-06-05,2026-06-05,350,Delayed
53,6,28,2026-02-12,2026-02-14,2026-02-19,64,Delivered
54,9,48,2026-01-26,2026-02-01,2026-02-03,275,In Transit
55,6,26,2026-05-29,2026-06-03,2026-06-09,247,In Transit
56,6,2,2026-05-31,2026-06-10,2026-06-11,257,Delivered
57,2,47,2026-03-17,2026-03-25,2026-03-25,82,Delayed
58,4,34,2026-03-21,2026-03-28,2026-04-03,257,Delayed
59,8,21,2026-05-02,2026-05-05,2026-05-11,44,Delayed
60,6,42,2026-01-12,2026-01-15,2026-01-14,65,In Transit
61,3,36,2026-02-12,2026-02-17,2026-02-24,91,Delayed
62,4,26,2026-05-24,2026-06-01,2026-06-07,332,Delivered
63,1,48,2026-02-17,2026-02-25,2026-03-02,324,Delivered
64,1,46,2026-04-26,2026-05-04,2026-05-09,119,Delivered
65,9,12,2026-03-13,2026-03-16,2026-03-16,197,Delayed
66,5,43,2026-02-20,2026-03-01,2026-03-01,451,Delayed
67,10,26,2026-05-16,2026-05-23,2026-05-28,310,Delivered
68,10,12,2026-03-31,2026-04-07,2026-04-13,426,In Transit
69,3,21,2026-06-30,2026-07-06,2026-07-06,70,Delivered
70,6,45,2026-03-20,2026-03-23,2026-03-24,82,In Transit
71,10,25,2026-04-10,2026-04-18,2026-04-19,226,Delivered
72,9,11,2026-05-05,2026-05-15,2026-05-16,260,Delayed
73,8,40,2026-02-05,2026-02-09,2026-02-13,37,Delayed
74,4,25,2026-01-03,2026-01-12,2026-01-13,297,In Transit
75,8,27,2026-06-17,2026-06-26,2026-07-01,373,Delayed
76,10,2,2026-05-06,2026-05-10,2026-05-10,417,Delivered
77,4,35,2026-03-16,2026-03-18,2026-03-21,157,Delivered
78,9,8,2026-04-28,2026-05-07,2026-05-14,303,Delivered
79,9,49,2026-03-10,2026-03-20,2026-03-24,31,In Transit
80,7,7,2026-04-23,2026-05-03,2026-05-05,386,In Transit
81,8,17,2026-03-05,2026-03-11,2026-03-10,188,Delivered
82,4,48,2026-04-23,2026-04-26,2026-04-28,311,In Transit
83,10,9,2026-03-31,2026-04-08,2026-04-09,411,Delivered
84,9,18,2026-02-22,2026-02-24,2026-02-28,315,In Transit
85,5,37,2026-02-13,2026-02-20,2026-02-23,146,In Transit
86,7,4,2026-06-23,2026-06-26,2026-06-27,151,In Transit
87,3,46,2026-02-02,2026-02-06,2026-02-08,174,Delivered
88,3,37,2026-06-23,2026-07-01,2026-07-07,333,Delayed
89,8,5,2026-06-10,2026-06-18,2026-06-23,334,Delivered
90,6,30,2026-04-14,2026-04-24,2026-04-27,496,Delayed
91,8,41,2026-03-25,2026-03-27,2026-03-27,350,In Transit
92,7,14,2026-04-02,2026-04-05,2026-04-12,229,Delivered
93,5,22,2026-05-07,2026-05-13,2026-05-17,290,In Transit
94,1,3,2026-02-03,2026-02-12,2026-02-16,60,In Transit
95,3,29,2026-04-28,2026-04-30,2026-04-30,243,Delivered
96,5,11,2026-04-20,2026-04-25,2026-04-26,457,Delayed
97,2,24,2026-01-24,2026-01-31,2026-02-03,350,In Transit
98,5,47,2026-02-12,2026-02-14,2026-02-19,368,Delivered
99,1,14,2026-04-20,2026-04-23,2026-04-23,254,Delivered
100,8,1,2026-02-03,2026-02-08,2026-02-15,14,In Transit
